symboling,normalized_losses,make,num_doors,body_style,drive_wheels,engine_location,wheel_base,length,width,height,curb_weight,engine_type,num_cylinders,engine_size,fuel_system,bore,stroke,compression_ratio,horsepower,peak_rpm,city_L_100km,highway_L_100km,price,horsepower-binned,fuel-type-diesel,fuel-type-gas,aspiration-std,aspiration-turbo
3,122,alfa-romero,two,convertible,rwd,front,88.6,0.811148486,0.890277778,0.816053512,2548,dohc,four,130,mpfi,3.47,2.68,9,111,5000,11.19047619,8.703703704,13495,Low,FALSE,TRUE,TRUE,FALSE
3,122,alfa-romero,two,convertible,rwd,front,88.6,0.811148486,0.890277778,0.816053512,2548,dohc,four,130,mpfi,3.47,2.68,9,111,5000,11.19047619,8.703703704,16500,Low,FALSE,TRUE,TRUE,FALSE
1,122,alfa-romero,two,hatchback,rwd,front,94.5,0.822681403,0.909722222,0.876254181,2823,ohcv,six,152,mpfi,2.68,3.47,9,154,5000,12.36842105,9.038461538,16500,Medium,FALSE,TRUE,TRUE,FALSE
2,164,audi,four,sedan,fwd,front,99.8,0.848630466,0.919444444,0.908026756,2337,ohc,four,109,mpfi,3.19,3.4,10,102,5500,9.791666667,7.833333333,13950,Low,FALSE,TRUE,TRUE,FALSE
2,164,audi,four,sedan,4wd,front,99.4,0.848630466,0.922222222,0.908026756,2824,ohc,five,136,mpfi,3.19,3.4,8,115,5500,13.05555556,10.68181818,17450,Low,FALSE,TRUE,TRUE,FALSE
2,122,audi,two,sedan,fwd,front,99.8,0.851994234,0.920833333,0.887959866,2507,ohc,five,136,mpfi,3.19,3.4,8.5,110,5500,12.36842105,9.4,15250,Low,FALSE,TRUE,TRUE,FALSE
1,158,audi,four,sedan,fwd,front,105.8,0.925997117,0.991666667,0.931438127,2844,ohc,five,136,mpfi,3.19,3.4,8.5,110,5500,12.36842105,9.4,17710,Low,FALSE,TRUE,TRUE,FALSE
1,122,audi,four,wagon,fwd,front,105.8,0.925997117,0.991666667,0.931438127,2954,ohc,five,136,mpfi,3.19,3.4,8.5,110,5500,12.36842105,9.4,18920,Low,FALSE,TRUE,TRUE,FALSE
1,158,audi,four,sedan,fwd,front,105.8,0.925997117,0.991666667,0.934782609,3086,ohc,five,131,mpfi,3.13,3.4,8.3,140,5500,13.82352941,11.75,23875,Medium,FALSE,TRUE,FALSE,TRUE
2,192,bmw,two,sedan,rwd,front,101.2,0.849591543,0.9,0.908026756,2395,ohc,four,108,mpfi,3.5,2.8,8.8,101,5800,10.2173913,8.103448276,16430,Low,FALSE,TRUE,TRUE,FALSE
0,192,bmw,four,sedan,rwd,front,101.2,0.849591543,0.9,0.908026756,2395,ohc,four,108,mpfi,3.5,2.8,8.8,101,5800,10.2173913,8.103448276,16925,Low,FALSE,TRUE,TRUE,FALSE
0,188,bmw,two,sedan,rwd,front,101.2,0.849591543,0.9,0.908026756,2710,ohc,six,164,mpfi,3.31,3.19,9,121,4250,11.19047619,8.392857143,20970,Medium,FALSE,TRUE,TRUE,FALSE
0,188,bmw,four,sedan,rwd,front,101.2,0.849591543,0.9,0.908026756,2765,ohc,six,164,mpfi,3.31,3.19,9,121,4250,11.19047619,8.392857143,21105,Medium,FALSE,TRUE,TRUE,FALSE
1,122,bmw,four,sedan,rwd,front,103.5,0.908217203,0.929166667,0.931438127,3055,ohc,six,164,mpfi,3.31,3.19,9,121,4250,11.75,9.4,24565,Medium,FALSE,TRUE,TRUE,FALSE
0,122,bmw,four,sedan,rwd,front,103.5,0.908217203,0.929166667,0.931438127,3230,ohc,six,209,mpfi,3.62,3.39,8,182,5400,14.6875,10.68181818,30760,Medium,FALSE,TRUE,TRUE,FALSE
0,122,bmw,two,sedan,rwd,front,103.5,0.931283037,0.943055556,0.897993311,3380,ohc,six,209,mpfi,3.62,3.39,8,182,5400,14.6875,10.68181818,41315,Medium,FALSE,TRUE,TRUE,FALSE
0,122,bmw,four,sedan,rwd,front,110,0.946660259,0.984722222,0.941471572,3505,ohc,six,209,mpfi,3.62,3.39,8,182,5400,15.66666667,11.75,36880,Medium,FALSE,TRUE,TRUE,FALSE
2,121,chevrolet,two,hatchback,fwd,front,88.4,0.678039404,0.8375,0.889632107,1488,l,three,61,2bbl,2.91,3.03,9.5,48,5100,5,4.433962264,5151,Low,FALSE,TRUE,TRUE,FALSE
1,98,chevrolet,two,hatchback,fwd,front,94.5,0.749159058,0.883333333,0.869565217,1874,ohc,four,90,2bbl,3.03,3.11,9.6,70,5400,6.184210526,5.465116279,6295,Low,FALSE,TRUE,TRUE,FALSE
0,81,chevrolet,four,sedan,fwd,front,94.5,0.763094666,0.883333333,0.869565217,1909,ohc,four,90,2bbl,3.03,3.11,9.6,70,5400,6.184210526,5.465116279,6575,Low,FALSE,TRUE,TRUE,FALSE
1,118,dodge,two,hatchback,fwd,front,93.7,0.755886593,0.886111111,0.849498328,1876,ohc,four,90,2bbl,2.97,3.23,9.41,68,5500,6.351351351,5.731707317,5572,Low,FALSE,TRUE,TRUE,FALSE
1,118,dodge,two,hatchback,fwd,front,93.7,0.755886593,0.886111111,0.849498328,1876,ohc,four,90,2bbl,2.97,3.23,9.4,68,5500,7.580645161,6.184210526,6377,Low,FALSE,TRUE,TRUE,FALSE
1,118,dodge,two,hatchback,fwd,front,93.7,0.755886593,0.886111111,0.849498328,2128,ohc,four,98,mpfi,3.03,3.39,7.6,102,5500,9.791666667,7.833333333,7957,Low,FALSE,TRUE,FALSE,TRUE
1,148,dodge,four,hatchback,fwd,front,93.7,0.755886593,0.886111111,0.846153846,1967,ohc,four,90,2bbl,2.97,3.23,9.4,68,5500,7.580645161,6.184210526,6229,Low,FALSE,TRUE,TRUE,FALSE
1,148,dodge,four,sedan,fwd,front,93.7,0.755886593,0.886111111,0.846153846,1989,ohc,four,90,2bbl,2.97,3.23,9.4,68,5500,7.580645161,6.184210526,6692,Low,FALSE,TRUE,TRUE,FALSE
1,148,dodge,four,sedan,fwd,front,93.7,0.755886593,0.886111111,0.846153846,1989,ohc,four,90,2bbl,2.97,3.23,9.4,68,5500,7.580645161,6.184210526,7609,Low,FALSE,TRUE,TRUE,FALSE
1,148,dodge,four,sedan,fwd,front,93.7,0.755886593,0.886111111,0.846153846,2191,ohc,four,98,mpfi,3.03,3.39,7.6,102,5500,9.791666667,7.833333333,8558,Low,FALSE,TRUE,FALSE,TRUE
-1,110,dodge,four,wagon,fwd,front,103.3,0.839019702,0.897222222,1,2535,ohc,four,122,2bbl,3.34,3.46,8.5,88,5000,9.791666667,7.833333333,8921,Low,FALSE,TRUE,TRUE,FALSE
3,145,dodge,two,hatchback,fwd,front,95.9,0.832292167,0.920833333,0.839464883,2811,ohc,four,156,mfi,3.6,3.9,7,145,5000,12.36842105,9.791666667,12964,Medium,FALSE,TRUE,FALSE,TRUE
2,137,honda,two,hatchback,fwd,front,86.6,0.694858241,0.8875,0.849498328,1713,ohc,four,92,1bbl,2.91,3.41,9.6,58,4800,4.795918367,4.351851852,6479,Low,FALSE,TRUE,TRUE,FALSE
2,137,honda,two,hatchback,fwd,front,86.6,0.694858241,0.8875,0.849498328,1819,ohc,four,92,1bbl,2.91,3.41,9.2,76,6000,7.580645161,6.184210526,6855,Low,FALSE,TRUE,TRUE,FALSE
1,101,honda,two,hatchback,fwd,front,93.7,0.720807304,0.888888889,0.879598662,1837,ohc,four,79,1bbl,2.91,3.07,10.1,60,5500,6.184210526,5.595238095,5399,Low,FALSE,TRUE,TRUE,FALSE
1,101,honda,two,hatchback,fwd,front,93.7,0.720807304,0.888888889,0.879598662,1940,ohc,four,92,1bbl,2.91,3.41,9.2,76,6000,7.833333333,6.911764706,6529,Low,FALSE,TRUE,TRUE,FALSE
1,101,honda,two,hatchback,fwd,front,93.7,0.720807304,0.888888889,0.879598662,1956,ohc,four,92,1bbl,2.91,3.41,9.2,76,6000,7.833333333,6.911764706,7129,Low,FALSE,TRUE,TRUE,FALSE
0,110,honda,four,sedan,fwd,front,96.5,0.785199423,0.888888889,0.911371237,2010,ohc,four,92,1bbl,2.91,3.41,9.2,76,6000,7.833333333,6.911764706,7295,Low,FALSE,TRUE,TRUE,FALSE
0,78,honda,four,wagon,fwd,front,96.5,0.754925517,0.8875,0.974916388,2024,ohc,four,92,1bbl,2.92,3.41,9.2,76,6000,7.833333333,6.911764706,7295,Low,FALSE,TRUE,TRUE,FALSE
0,106,honda,two,hatchback,fwd,front,96.5,0.80490149,0.905555556,0.891304348,2236,ohc,four,110,1bbl,3.15,3.58,9,86,5800,8.703703704,7.121212121,7895,Low,FALSE,TRUE,TRUE,FALSE
0,106,honda,two,hatchback,fwd,front,96.5,0.80490149,0.905555556,0.891304348,2289,ohc,four,110,1bbl,3.15,3.58,9,86,5800,8.703703704,7.121212121,9095,Low,FALSE,TRUE,TRUE,FALSE
0,85,honda,four,sedan,fwd,front,96.5,0.842864008,0.905555556,0.904682274,2304,ohc,four,110,1bbl,3.15,3.58,9,86,5800,8.703703704,7.121212121,8845,Low,FALSE,TRUE,TRUE,FALSE
0,85,honda,four,sedan,fwd,front,96.5,0.842864008,0.868055556,0.904682274,2372,ohc,four,110,1bbl,3.15,3.58,9,86,5800,8.703703704,7.121212121,10295,Low,FALSE,TRUE,TRUE,FALSE
0,85,honda,four,sedan,fwd,front,96.5,0.842864008,0.905555556,0.904682274,2465,ohc,four,110,mpfi,3.15,3.58,9,101,5800,9.791666667,8.392857143,12945,Low,FALSE,TRUE,TRUE,FALSE
1,107,honda,two,sedan,fwd,front,96.5,0.812590101,0.916666667,0.852842809,2293,ohc,four,110,2bbl,3.15,3.58,9.1,100,5500,9.4,7.580645161,10345,Low,FALSE,TRUE,TRUE,FALSE
0,122,isuzu,four,sedan,rwd,front,94.3,0.820278712,0.858333333,0.894648829,2337,ohc,four,111,2bbl,3.31,3.23,8.5,78,4800,9.791666667,8.103448276,6785,Low,FALSE,TRUE,TRUE,FALSE
2,122,isuzu,two,hatchback,rwd,front,96,0.829408938,0.905555556,0.859531773,2734,ohc,four,119,spfi,3.43,3.23,9.2,90,5000,9.791666667,8.103448276,11048,Low,FALSE,TRUE,TRUE,FALSE
0,145,jaguar,four,sedan,rwd,front,113,0.959154253,0.966666667,0.882943144,4066,dohc,six,258,mpfi,3.63,4.17,8.1,176,4750,15.66666667,12.36842105,32250,Medium,FALSE,TRUE,TRUE,FALSE
0,122,jaguar,four,sedan,rwd,front,113,0.959154253,0.966666667,0.882943144,4066,dohc,six,258,mpfi,3.63,4.17,8.1,176,4750,15.66666667,12.36842105,35550,Medium,FALSE,TRUE,TRUE,FALSE
0,122,jaguar,two,sedan,rwd,front,102,0.921191735,0.980555556,0.799331104,3950,ohcv,twelve,326,mpfi,3.54,2.76,11.5,262,5000,18.07692308,13.82352941,36000,High,FALSE,TRUE,TRUE,FALSE
1,104,mazda,two,hatchback,fwd,front,93.1,0.764536281,0.891666667,0.904682274,1890,ohc,four,91,2bbl,3.03,3.15,9,68,5000,7.833333333,7.580645161,5195,Low,FALSE,TRUE,TRUE,FALSE
1,104,mazda,two,hatchback,fwd,front,93.1,0.764536281,0.891666667,0.904682274,1900,ohc,four,91,2bbl,3.03,3.15,9,68,5000,7.580645161,6.184210526,6095,Low,FALSE,TRUE,TRUE,FALSE
1,104,mazda,two,hatchback,fwd,front,93.1,0.764536281,0.891666667,0.904682274,1905,ohc,four,91,2bbl,3.03,3.15,9,68,5000,7.580645161,6.184210526,6795,Low,FALSE,TRUE,TRUE,FALSE
1,113,mazda,four,sedan,fwd,front,93.1,0.801537722,0.891666667,0.904682274,1945,ohc,four,91,2bbl,3.03,3.15,9,68,5000,7.580645161,6.184210526,6695,Low,FALSE,TRUE,TRUE,FALSE
1,113,mazda,four,sedan,fwd,front,93.1,0.801537722,0.891666667,0.904682274,1950,ohc,four,91,2bbl,3.08,3.15,9,68,5000,7.580645161,6.184210526,7395,Low,FALSE,TRUE,TRUE,FALSE
3,150,mazda,two,hatchback,rwd,front,95.3,0.812109563,0.9125,0.829431438,2380,rotor,two,70,4bbl,3.33,3.26,9.4,101,6000,13.82352941,10.2173913,10945,Low,FALSE,TRUE,TRUE,FALSE
3,150,mazda,two,hatchback,rwd,front,95.3,0.812109563,0.9125,0.829431438,2380,rotor,two,70,4bbl,3.33,3.26,9.4,101,6000,13.82352941,10.2173913,11845,Low,FALSE,TRUE,TRUE,FALSE
3,150,mazda,two,hatchback,rwd,front,95.3,0.812109563,0.9125,0.829431438,2385,rotor,two,70,4bbl,3.33,3.26,9.4,101,6000,13.82352941,10.2173913,13645,Low,FALSE,TRUE,TRUE,FALSE
3,150,mazda,two,hatchback,rwd,front,95.3,0.812109563,0.9125,0.829431438,2500,rotor,two,80,mpfi,3.33,3.26,9.4,135,6000,14.6875,10.2173913,15645,Medium,FALSE,TRUE,TRUE,FALSE
1,129,mazda,two,hatchback,fwd,front,98.8,0.854396925,0.923611111,0.897993311,2385,ohc,four,122,2bbl,3.39,3.39,8.6,84,4800,9.038461538,7.34375,8845,Low,FALSE,TRUE,TRUE,FALSE
0,115,mazda,four,sedan,fwd,front,98.8,0.854396925,0.923611111,0.928093645,2410,ohc,four,122,2bbl,3.39,3.39,8.6,84,4800,9.038461538,7.34375,8495,Low,FALSE,TRUE,TRUE,FALSE
1,129,mazda,two,hatchback,fwd,front,98.8,0.854396925,0.923611111,0.897993311,2385,ohc,four,122,2bbl,3.39,3.39,8.6,84,4800,9.038461538,7.34375,10595,Low,FALSE,TRUE,TRUE,FALSE
0,115,mazda,four,sedan,fwd,front,98.8,0.854396925,0.923611111,0.928093645,2410,ohc,four,122,2bbl,3.39,3.39,8.6,84,4800,9.038461538,7.34375,10245,Low,FALSE,TRUE,TRUE,FALSE
0,122,mazda,four,sedan,fwd,front,98.8,0.854396925,0.923611111,0.928093645,2443,ohc,four,122,idi,3.39,3.39,22.7,64,4650,6.527777778,5.595238095,10795,Low,TRUE,FALSE,TRUE,FALSE
0,115,mazda,four,hatchback,fwd,front,98.8,0.854396925,0.923611111,0.928093645,2425,ohc,four,122,2bbl,3.39,3.39,8.6,84,4800,9.038461538,7.34375,11245,Low,FALSE,TRUE,TRUE,FALSE
0,118,mazda,four,sedan,rwd,front,104.9,0.840941855,0.918055556,0.909698997,2670,ohc,four,140,mpfi,3.76,3.16,8,120,5000,12.36842105,8.703703704,18280,Medium,FALSE,TRUE,TRUE,FALSE
0,122,mazda,four,sedan,rwd,front,104.9,0.840941855,0.918055556,0.909698997,2700,ohc,four,134,idi,3.43,3.64,22,72,4200,7.580645161,6.025641026,18344,Low,TRUE,FALSE,TRUE,FALSE
-1,93,mercedes-benz,four,sedan,rwd,front,110,0.917347429,0.976388889,0.944816054,3515,ohc,five,183,idi,3.58,3.64,21.5,123,4350,10.68181818,9.4,25552,Medium,TRUE,FALSE,FALSE,TRUE
-1,93,mercedes-benz,four,wagon,rwd,front,110,0.917347429,0.976388889,0.981605351,3750,ohc,five,183,idi,3.58,3.64,21.5,123,4350,10.68181818,9.4,28248,Medium,TRUE,FALSE,FALSE,TRUE
0,93,mercedes-benz,two,hardtop,rwd,front,106.7,0.90100913,0.976388889,0.918060201,3495,ohc,five,183,idi,3.58,3.64,21.5,123,4350,10.68181818,9.4,28176,Medium,TRUE,FALSE,FALSE,TRUE
-1,93,mercedes-benz,four,sedan,rwd,front,115.6,0.973570399,0.995833333,0.941471572,3770,ohc,five,183,idi,3.58,3.64,21.5,123,4350,10.68181818,9.4,31600,Medium,TRUE,FALSE,FALSE,TRUE
-1,122,mercedes-benz,four,sedan,rwd,front,115.6,0.973570399,0.995833333,0.944816054,3740,ohcv,eight,234,mpfi,3.46,3.1,8.3,155,4750,14.6875,13.05555556,34184,Medium,FALSE,TRUE,TRUE,FALSE
3,142,mercedes-benz,two,convertible,rwd,front,96.6,0.86641038,0.979166667,0.849498328,3685,ohcv,eight,234,mpfi,3.46,3.1,8.3,155,4750,14.6875,13.05555556,35056,Medium,FALSE,TRUE,TRUE,FALSE
0,122,mercedes-benz,four,sedan,rwd,front,120.9,1,0.995833333,0.948160535,3900,ohcv,eight,308,mpfi,3.8,3.35,8,184,4500,16.78571429,14.6875,40960,Medium,FALSE,TRUE,TRUE,FALSE
1,122,mercedes-benz,two,hardtop,rwd,front,112,0.9572321,1,0.926421405,3715,ohcv,eight,304,mpfi,3.8,3.35,8,184,4500,16.78571429,14.6875,45400,Medium,FALSE,TRUE,TRUE,FALSE
1,122,mercury,two,hatchback,rwd,front,102.7,0.857280154,0.944444444,0.91638796,2910,ohc,four,140,mpfi,3.78,3.12,8,175,5000,12.36842105,9.791666667,16503,Medium,FALSE,TRUE,FALSE,TRUE
2,161,mitsubishi,two,hatchback,fwd,front,93.7,0.755886593,0.894444444,0.849498328,1918,ohc,four,92,2bbl,2.97,3.23,9.4,68,5500,6.351351351,5.731707317,5389,Low,FALSE,TRUE,TRUE,FALSE
2,161,mitsubishi,two,hatchback,fwd,front,93.7,0.755886593,0.894444444,0.849498328,1944,ohc,four,92,2bbl,2.97,3.23,9.4,68,5500,7.580645161,6.184210526,6189,Low,FALSE,TRUE,TRUE,FALSE
2,161,mitsubishi,two,hatchback,fwd,front,93.7,0.755886593,0.894444444,0.849498328,2004,ohc,four,92,2bbl,2.97,3.23,9.4,68,5500,7.580645161,6.184210526,6669,Low,FALSE,TRUE,TRUE,FALSE
1,161,mitsubishi,two,hatchback,fwd,front,93,0.755886593,0.886111111,0.849498328,2145,ohc,four,98,spdi,3.03,3.39,7.6,102,5500,9.791666667,7.833333333,7689,Low,FALSE,TRUE,FALSE,TRUE
3,153,mitsubishi,two,hatchback,fwd,front,96.3,0.831331091,0.908333333,0.826086957,2370,ohc,four,110,spdi,3.17,3.46,7.5,116,5500,10.2173913,7.833333333,9959,Low,FALSE,TRUE,FALSE,TRUE
3,153,mitsubishi,two,hatchback,fwd,front,96.3,0.831331091,0.908333333,0.826086957,2328,ohc,four,122,2bbl,3.35,3.46,8.5,88,5000,9.4,7.34375,8499,Low,FALSE,TRUE,TRUE,FALSE
3,122,mitsubishi,two,hatchback,fwd,front,95.9,0.832292167,0.920833333,0.839464883,2833,ohc,four,156,spdi,3.58,3.86,7,145,5000,12.36842105,9.791666667,12629,Medium,FALSE,TRUE,FALSE,TRUE
3,122,mitsubishi,two,hatchback,fwd,front,95.9,0.832292167,0.920833333,0.839464883,2921,ohc,four,156,spdi,3.59,3.86,7,145,5000,12.36842105,9.791666667,14869,Medium,FALSE,TRUE,FALSE,TRUE
3,122,mitsubishi,two,hatchback,fwd,front,95.9,0.832292167,0.920833333,0.839464883,2926,ohc,four,156,spdi,3.59,3.86,7,145,5000,12.36842105,9.791666667,14489,Medium,FALSE,TRUE,FALSE,TRUE
1,125,mitsubishi,four,sedan,fwd,front,96.3,0.828447862,0.908333333,0.862876254,2365,ohc,four,122,2bbl,3.35,3.46,8.5,88,5000,9.4,7.34375,6989,Low,FALSE,TRUE,TRUE,FALSE
1,125,mitsubishi,four,sedan,fwd,front,96.3,0.828447862,0.908333333,0.862876254,2405,ohc,four,122,2bbl,3.35,3.46,8.5,88,5000,9.4,7.34375,8189,Low,FALSE,TRUE,TRUE,FALSE
1,125,mitsubishi,four,sedan,fwd,front,96.3,0.828447862,0.908333333,0.862876254,2403,ohc,four,110,spdi,3.17,3.46,7.5,116,5500,10.2173913,7.833333333,9279,Low,FALSE,TRUE,FALSE,TRUE
-1,137,mitsubishi,four,sedan,fwd,front,96.3,0.828447862,0.908333333,0.862876254,2403,ohc,four,110,spdi,3.17,3.46,7.5,116,5500,10.2173913,7.833333333,9279,Low,FALSE,TRUE,TRUE,FALSE
1,128,nissan,two,sedan,fwd,front,94.5,0.794329649,0.886111111,0.911371237,1889,ohc,four,97,2bbl,3.15,3.29,9.4,69,5200,7.580645161,6.351351351,5499,Low,FALSE,TRUE,TRUE,FALSE
1,128,nissan,two,sedan,fwd,front,94.5,0.794329649,0.886111111,0.911371237,2017,ohc,four,103,idi,2.99,3.47,21.9,55,4800,5.222222222,4.7,7099,Low,TRUE,FALSE,TRUE,FALSE
1,128,nissan,two,sedan,fwd,front,94.5,0.794329649,0.886111111,0.911371237,1918,ohc,four,97,2bbl,3.15,3.29,9.4,69,5200,7.580645161,6.351351351,6649,Low,FALSE,TRUE,TRUE,FALSE
1,122,nissan,four,sedan,fwd,front,94.5,0.794329649,0.886111111,0.911371237,1938,ohc,four,97,2bbl,3.15,3.29,9.4,69,5200,7.580645161,6.351351351,6849,Low,FALSE,TRUE,TRUE,FALSE
1,103,nissan,four,wagon,fwd,front,94.5,0.817876021,0.886111111,0.894648829,2024,ohc,four,97,2bbl,3.15,3.29,9.4,69,5200,7.580645161,6.351351351,7349,Low,FALSE,TRUE,TRUE,FALSE
1,128,nissan,two,sedan,fwd,front,94.5,0.794329649,0.886111111,0.911371237,1951,ohc,four,97,2bbl,3.15,3.29,9.4,69,5200,7.580645161,6.351351351,7299,Low,FALSE,TRUE,TRUE,FALSE
1,128,nissan,two,hatchback,fwd,front,94.5,0.795771264,0.886111111,0.891304348,2028,ohc,four,97,2bbl,3.15,3.29,9.4,69,5200,7.580645161,6.351351351,7799,Low,FALSE,TRUE,TRUE,FALSE
1,122,nissan,four,sedan,fwd,front,94.5,0.794329649,0.886111111,0.911371237,1971,ohc,four,97,2bbl,3.15,3.29,9.4,69,5200,7.580645161,6.351351351,7499,Low,FALSE,TRUE,TRUE,FALSE
1,103,nissan,four,wagon,fwd,front,94.5,0.817876021,0.886111111,0.894648829,2037,ohc,four,97,2bbl,3.15,3.29,9.4,69,5200,7.580645161,6.351351351,7999,Low,FALSE,TRUE,TRUE,FALSE
2,168,nissan,two,hardtop,fwd,front,95.1,0.780394041,0.886111111,0.891304348,2008,ohc,four,97,2bbl,3.15,3.29,9.4,69,5200,7.580645161,6.351351351,8249,Low,FALSE,TRUE,TRUE,FALSE
0,106,nissan,four,hatchback,fwd,front,97.2,0.833253244,0.905555556,0.914715719,2324,ohc,four,120,2bbl,3.33,3.47,8.5,97,5200,8.703703704,6.911764706,8949,Low,FALSE,TRUE,TRUE,FALSE
0,106,nissan,four,sedan,fwd,front,97.2,0.833253244,0.905555556,0.914715719,2302,ohc,four,120,2bbl,3.33,3.47,8.5,97,5200,8.703703704,6.911764706,9549,Low,FALSE,TRUE,TRUE,FALSE
0,128,nissan,four,sedan,fwd,front,100.4,0.873137914,0.923611111,0.921404682,3095,ohcv,six,181,mpfi,3.43,3.27,9,152,5200,13.82352941,10.68181818,13499,Medium,FALSE,TRUE,TRUE,FALSE
0,108,nissan,four,wagon,fwd,front,100.4,0.887073522,0.923611111,0.93812709,3296,ohcv,six,181,mpfi,3.43,3.27,9,152,5200,13.82352941,10.68181818,14399,Medium,FALSE,TRUE,TRUE,FALSE
0,108,nissan,four,sedan,fwd,front,100.4,0.887073522,0.923611111,0.921404682,3060,ohcv,six,181,mpfi,3.43,3.27,9,152,5200,12.36842105,9.4,13499,Medium,FALSE,TRUE,TRUE,FALSE
3,194,nissan,two,hatchback,rwd,front,91.3,0.820278712,0.943055556,0.831103679,3071,ohcv,six,181,mpfi,3.43,3.27,9,160,5200,12.36842105,9.4,17199,Medium,FALSE,TRUE,TRUE,FALSE
3,194,nissan,two,hatchback,rwd,front,91.3,0.820278712,0.943055556,0.831103679,3139,ohcv,six,181,mpfi,3.43,3.27,7.8,200,5200,13.82352941,10.2173913,19699,High,FALSE,TRUE,FALSE,TRUE
1,231,nissan,two,hatchback,rwd,front,99.2,0.857760692,0.943055556,0.831103679,3139,ohcv,six,181,mpfi,3.43,3.27,9,160,5200,12.36842105,9.4,18399,Medium,FALSE,TRUE,TRUE,FALSE
0,161,peugot,four,sedan,rwd,front,107.9,0.897164825,0.95,0.948160535,3020,l,four,120,mpfi,3.46,3.19,8.4,97,5000,12.36842105,9.791666667,11900,Low,FALSE,TRUE,TRUE,FALSE
0,161,peugot,four,sedan,rwd,front,107.9,0.897164825,0.95,0.948160535,3197,l,four,152,idi,3.7,3.52,21,95,4150,8.392857143,7.121212121,13200,Low,TRUE,FALSE,FALSE,TRUE
0,122,peugot,four,wagon,rwd,front,114.2,0.955790485,0.95,0.981605351,3230,l,four,120,mpfi,3.46,3.19,8.4,97,5000,12.36842105,9.791666667,12440,Low,FALSE,TRUE,TRUE,FALSE
0,122,peugot,four,wagon,rwd,front,114.2,0.955790485,0.95,0.981605351,3430,l,four,152,idi,3.7,3.52,21,95,4150,9.4,9.4,13860,Low,TRUE,FALSE,FALSE,TRUE
0,161,peugot,four,sedan,rwd,front,107.9,0.897164825,0.95,0.948160535,3075,l,four,120,mpfi,3.46,2.19,8.4,95,5000,12.36842105,9.791666667,15580,Low,FALSE,TRUE,TRUE,FALSE
0,161,peugot,four,sedan,rwd,front,107.9,0.897164825,0.95,0.948160535,3252,l,four,152,idi,3.7,3.52,21,95,4150,8.392857143,7.121212121,16900,Low,TRUE,FALSE,FALSE,TRUE
0,122,peugot,four,wagon,rwd,front,114.2,0.955790485,0.95,0.948160535,3285,l,four,120,mpfi,3.46,2.19,8.4,95,5000,12.36842105,9.791666667,16695,Low,FALSE,TRUE,TRUE,FALSE
0,122,peugot,four,wagon,rwd,front,114.2,0.955790485,0.95,0.981605351,3485,l,four,152,idi,3.7,3.52,21,95,4150,9.4,9.4,17075,Low,TRUE,FALSE,FALSE,TRUE
0,161,peugot,four,sedan,rwd,front,107.9,0.897164825,0.95,0.948160535,3075,l,four,120,mpfi,3.46,3.19,8.4,97,5000,12.36842105,9.791666667,16630,Low,FALSE,TRUE,TRUE,FALSE
0,161,peugot,four,sedan,rwd,front,107.9,0.897164825,0.95,0.948160535,3252,l,four,152,idi,3.7,3.52,21,95,4150,8.392857143,7.121212121,17950,Low,TRUE,FALSE,FALSE,TRUE
0,161,peugot,four,sedan,rwd,front,108,0.897164825,0.948611111,0.936454849,3130,l,four,134,mpfi,3.61,3.21,7,142,5600,13.05555556,9.791666667,18150,Medium,FALSE,TRUE,FALSE,TRUE
1,119,plymouth,two,hatchback,fwd,front,93.7,0.755886593,0.886111111,0.849498328,1918,ohc,four,90,2bbl,2.97,3.23,9.4,68,5500,6.351351351,5.731707317,5572,Low,FALSE,TRUE,TRUE,FALSE
1,119,plymouth,two,hatchback,fwd,front,93.7,0.755886593,0.886111111,0.849498328,2128,ohc,four,98,spdi,3.03,3.39,7.6,102,5500,9.791666667,7.833333333,7957,Low,FALSE,TRUE,FALSE,TRUE
1,154,plymouth,four,hatchback,fwd,front,93.7,0.755886593,0.886111111,0.846153846,1967,ohc,four,90,2bbl,2.97,3.23,9.4,68,5500,7.580645161,6.184210526,6229,Low,FALSE,TRUE,TRUE,FALSE
1,154,plymouth,four,sedan,fwd,front,93.7,0.803940413,0.886111111,0.849498328,1989,ohc,four,90,2bbl,2.97,3.23,9.4,68,5500,7.580645161,6.184210526,6692,Low,FALSE,TRUE,TRUE,FALSE
1,154,plymouth,four,sedan,fwd,front,93.7,0.803940413,0.886111111,0.849498328,2191,ohc,four,98,2bbl,2.97,3.23,9.4,68,5500,7.580645161,6.184210526,7609,Low,FALSE,TRUE,TRUE,FALSE
-1,74,plymouth,four,wagon,fwd,front,103.3,0.839019702,0.897222222,1,2535,ohc,four,122,2bbl,3.35,3.46,8.5,88,5000,9.791666667,7.833333333,8921,Low,FALSE,TRUE,TRUE,FALSE
3,122,plymouth,two,hatchback,rwd,front,95.9,0.832292167,0.920833333,0.839464883,2818,ohc,four,156,spdi,3.59,3.86,7,145,5000,12.36842105,9.791666667,12764,Medium,FALSE,TRUE,FALSE,TRUE
3,186,porsche,two,hatchback,rwd,front,94.5,0.811629025,0.948611111,0.839464883,2778,ohc,four,151,mpfi,3.94,3.11,9.5,143,5500,12.36842105,8.703703704,22018,Medium,FALSE,TRUE,TRUE,FALSE
3,122,porsche,two,hardtop,rwd,rear,89.5,0.811629025,0.902777778,0.862876254,2756,ohcf,six,194,mpfi,3.74,2.9,9.5,207,5900,13.82352941,9.4,32528,High,FALSE,TRUE,TRUE,FALSE
3,122,porsche,two,hardtop,rwd,rear,89.5,0.811629025,0.902777778,0.862876254,2756,ohcf,six,194,mpfi,3.74,2.9,9.5,207,5900,13.82352941,9.4,34028,High,FALSE,TRUE,TRUE,FALSE
3,122,porsche,two,convertible,rwd,rear,89.5,0.811629025,0.902777778,0.862876254,2800,ohcf,six,194,mpfi,3.74,2.9,9.5,207,5900,13.82352941,9.4,37028,High,FALSE,TRUE,TRUE,FALSE
0,122,renault,four,wagon,fwd,front,96.1,0.872176838,0.923611111,0.923076923,2579,ohc,four,132,mpfi,3.46,3.9,8.7,104,5125.37,10.2173913,7.580645161,9295,Low,FALSE,TRUE,TRUE,FALSE
2,122,renault,two,hatchback,fwd,front,96.1,0.849591543,0.925,0.844481605,2460,ohc,four,132,mpfi,3.46,3.9,8.7,104,5125.37,10.2173913,7.580645161,9895,Low,FALSE,TRUE,TRUE,FALSE
3,150,saab,two,hatchback,fwd,front,99.1,0.896684286,0.923611111,0.93812709,2658,ohc,four,121,mpfi,3.54,3.07,9.31,110,5250,11.19047619,8.392857143,11850,Low,FALSE,TRUE,TRUE,FALSE
2,104,saab,four,sedan,fwd,front,99.1,0.896684286,0.923611111,0.93812709,2695,ohc,four,121,mpfi,3.54,3.07,9.3,110,5250,11.19047619,8.392857143,12170,Low,FALSE,TRUE,TRUE,FALSE
3,150,saab,two,hatchback,fwd,front,99.1,0.896684286,0.923611111,0.93812709,2707,ohc,four,121,mpfi,2.54,2.07,9.3,110,5250,11.19047619,8.392857143,15040,Low,FALSE,TRUE,TRUE,FALSE
2,104,saab,four,sedan,fwd,front,99.1,0.896684286,0.923611111,0.93812709,2758,ohc,four,121,mpfi,3.54,3.07,9.3,110,5250,11.19047619,8.392857143,15510,Low,FALSE,TRUE,TRUE,FALSE
3,150,saab,two,hatchback,fwd,front,99.1,0.896684286,0.923611111,0.93812709,2808,dohc,four,121,mpfi,3.54,3.07,9,160,5500,12.36842105,9.038461538,18150,Medium,FALSE,TRUE,FALSE,TRUE
2,104,saab,four,sedan,fwd,front,99.1,0.896684286,0.923611111,0.93812709,2847,dohc,four,121,mpfi,3.54,3.07,9,160,5500,12.36842105,9.038461538,18620,Medium,FALSE,TRUE,FALSE,TRUE
2,83,subaru,two,hatchback,fwd,front,93.7,0.75396444,0.880555556,0.897993311,2050,ohcf,four,97,2bbl,3.62,2.36,9,69,4900,7.580645161,6.527777778,5118,Low,FALSE,TRUE,TRUE,FALSE
2,83,subaru,two,hatchback,fwd,front,93.7,0.758769822,0.883333333,0.897993311,2120,ohcf,four,108,2bbl,3.62,2.64,8.7,73,4400,9.038461538,7.580645161,7053,Low,FALSE,TRUE,TRUE,FALSE
2,83,subaru,two,hatchback,4wd,front,93.3,0.755886593,0.886111111,0.931438127,2240,ohcf,four,108,2bbl,3.62,2.64,8.7,73,4400,9.038461538,7.580645161,7603,Low,FALSE,TRUE,TRUE,FALSE
0,102,subaru,four,sedan,fwd,front,97.2,0.826525709,0.908333333,0.877926421,2145,ohcf,four,108,2bbl,3.62,2.64,9.5,82,4800,7.34375,6.351351351,7126,Low,FALSE,TRUE,TRUE,FALSE
0,102,subaru,four,sedan,fwd,front,97.2,0.826525709,0.908333333,0.877926421,2190,ohcf,four,108,2bbl,3.62,2.64,9.5,82,4400,8.392857143,7.121212121,7775,Low,FALSE,TRUE,TRUE,FALSE
0,102,subaru,four,sedan,fwd,front,97.2,0.826525709,0.908333333,0.877926421,2340,ohcf,four,108,mpfi,3.62,2.64,9,94,5200,9.038461538,7.34375,9960,Low,FALSE,TRUE,TRUE,FALSE
0,102,subaru,four,sedan,4wd,front,97,0.826525709,0.908333333,0.908026756,2385,ohcf,four,108,2bbl,3.62,2.64,9,82,4800,9.791666667,9.4,9233,Low,FALSE,TRUE,TRUE,FALSE
0,102,subaru,four,sedan,4wd,front,97,0.826525709,0.908333333,0.908026756,2510,ohcf,four,108,mpfi,3.62,2.64,7.7,111,4800,9.791666667,8.103448276,11259,Low,FALSE,TRUE,FALSE,TRUE
0,89,subaru,four,wagon,fwd,front,97,0.833733782,0.908333333,0.886287625,2290,ohcf,four,108,2bbl,3.62,2.64,9,82,4800,8.392857143,7.34375,7463,Low,FALSE,TRUE,TRUE,FALSE
0,89,subaru,four,wagon,fwd,front,97,0.833733782,0.908333333,0.886287625,2455,ohcf,four,108,mpfi,3.62,2.64,9,94,5200,9.4,7.580645161,10198,Low,FALSE,TRUE,TRUE,FALSE
0,85,subaru,four,wagon,4wd,front,96.9,0.83421432,0.908333333,0.918060201,2420,ohcf,four,108,2bbl,3.62,2.64,9,82,4800,10.2173913,8.103448276,8013,Low,FALSE,TRUE,TRUE,FALSE
0,85,subaru,four,wagon,4wd,front,96.9,0.83421432,0.908333333,0.918060201,2650,ohcf,four,108,mpfi,3.62,2.64,7.7,111,4800,10.2173913,10.2173913,11694,Low,FALSE,TRUE,FALSE,TRUE
1,87,toyota,two,hatchback,fwd,front,95.7,0.762614128,0.883333333,0.911371237,1985,ohc,four,92,2bbl,3.05,3.03,9,62,4800,6.714285714,6.025641026,5348,Low,FALSE,TRUE,TRUE,FALSE
1,87,toyota,two,hatchback,fwd,front,95.7,0.762614128,0.883333333,0.911371237,2040,ohc,four,92,2bbl,3.05,3.03,9,62,4800,7.580645161,6.184210526,6338,Low,FALSE,TRUE,TRUE,FALSE
1,74,toyota,four,hatchback,fwd,front,95.7,0.762614128,0.883333333,0.911371237,2015,ohc,four,92,2bbl,3.05,3.03,9,62,4800,7.580645161,6.184210526,6488,Low,FALSE,TRUE,TRUE,FALSE
0,77,toyota,four,wagon,fwd,front,95.7,0.81547333,0.883333333,0.988294314,2280,ohc,four,92,2bbl,3.05,3.03,9,62,4800,7.580645161,6.351351351,6918,Low,FALSE,TRUE,TRUE,FALSE
0,81,toyota,four,wagon,4wd,front,95.7,0.81547333,0.883333333,0.988294314,2290,ohc,four,92,2bbl,3.05,3.03,9,62,4800,8.703703704,7.34375,7898,Low,FALSE,TRUE,TRUE,FALSE
0,91,toyota,four,wagon,4wd,front,95.7,0.81547333,0.883333333,0.988294314,3110,ohc,four,92,2bbl,3.05,3.03,9,62,4800,8.703703704,7.34375,8778,Low,FALSE,TRUE,TRUE,FALSE
0,91,toyota,four,sedan,fwd,front,95.7,0.799135031,0.894444444,0.886287625,2081,ohc,four,98,2bbl,3.19,3.03,9,70,4800,7.833333333,6.351351351,6938,Low,FALSE,TRUE,TRUE,FALSE
0,91,toyota,four,hatchback,fwd,front,95.7,0.799135031,0.894444444,0.882943144,2109,ohc,four,98,2bbl,3.19,3.03,9,70,4800,7.833333333,6.351351351,7198,Low,FALSE,TRUE,TRUE,FALSE
0,91,toyota,four,sedan,fwd,front,95.7,0.799135031,0.894444444,0.886287625,2275,ohc,four,110,idi,3.27,3.35,22.5,56,4500,6.911764706,6.527777778,7898,Low,TRUE,FALSE,TRUE,FALSE
0,91,toyota,four,hatchback,fwd,front,95.7,0.799135031,0.894444444,0.882943144,2275,ohc,four,110,idi,3.27,3.35,22.5,56,4500,6.184210526,5,7788,Low,TRUE,FALSE,TRUE,FALSE
0,91,toyota,four,sedan,fwd,front,95.7,0.799135031,0.894444444,0.886287625,2094,ohc,four,98,2bbl,3.19,3.03,9,70,4800,6.184210526,5,7738,Low,FALSE,TRUE,TRUE,FALSE
0,91,toyota,four,hatchback,fwd,front,95.7,0.799135031,0.894444444,0.882943144,2122,ohc,four,98,2bbl,3.19,3.03,9,70,4800,8.392857143,6.911764706,8358,Low,FALSE,TRUE,TRUE,FALSE
0,91,toyota,four,sedan,fwd,front,95.7,0.799135031,0.894444444,0.882943144,2140,ohc,four,98,2bbl,3.19,3.03,9,70,4800,8.392857143,6.911764706,9258,Low,FALSE,TRUE,TRUE,FALSE
1,168,toyota,two,sedan,rwd,front,94.5,0.810667948,0.888888889,0.879598662,2169,ohc,four,98,2bbl,3.19,3.03,9,70,4800,8.103448276,6.911764706,8058,Low,FALSE,TRUE,TRUE,FALSE
1,168,toyota,two,hatchback,rwd,front,94.5,0.810667948,0.888888889,0.879598662,2204,ohc,four,98,2bbl,3.19,3.03,9,70,4800,8.103448276,6.911764706,8238,Low,FALSE,TRUE,TRUE,FALSE
1,168,toyota,two,sedan,rwd,front,94.5,0.810667948,0.888888889,0.879598662,2265,dohc,four,98,mpfi,3.24,3.08,9.4,112,6600,9.038461538,8.103448276,9298,Low,FALSE,TRUE,TRUE,FALSE
1,168,toyota,two,hatchback,rwd,front,94.5,0.810667948,0.888888889,0.879598662,2300,dohc,four,98,mpfi,3.24,3.08,9.4,112,6600,9.038461538,8.103448276,9538,Low,FALSE,TRUE,TRUE,FALSE
2,134,toyota,two,hardtop,rwd,front,98.4,0.846708313,0.911111111,0.869565217,2540,ohc,four,146,mpfi,3.62,3.5,9.3,116,4800,9.791666667,7.833333333,8449,Low,FALSE,TRUE,TRUE,FALSE
2,134,toyota,two,hardtop,rwd,front,98.4,0.846708313,0.911111111,0.869565217,2536,ohc,four,146,mpfi,3.62,3.5,9.3,116,4800,9.791666667,7.833333333,9639,Low,FALSE,TRUE,TRUE,FALSE
2,134,toyota,two,hatchback,rwd,front,98.4,0.846708313,0.911111111,0.869565217,2551,ohc,four,146,mpfi,3.62,3.5,9.3,116,4800,9.791666667,7.833333333,9989,Low,FALSE,TRUE,TRUE,FALSE
2,134,toyota,two,hardtop,rwd,front,98.4,0.846708313,0.911111111,0.869565217,2679,ohc,four,146,mpfi,3.62,3.5,9.3,116,4800,9.791666667,7.833333333,11199,Low,FALSE,TRUE,TRUE,FALSE
2,134,toyota,two,hatchback,rwd,front,98.4,0.846708313,0.911111111,0.869565217,2714,ohc,four,146,mpfi,3.62,3.5,9.3,116,4800,9.791666667,7.833333333,11549,Low,FALSE,TRUE,TRUE,FALSE
2,134,toyota,two,convertible,rwd,front,98.4,0.846708313,0.911111111,0.886287625,2975,ohc,four,146,mpfi,3.62,3.5,9.3,116,4800,9.791666667,7.833333333,17669,Low,FALSE,TRUE,TRUE,FALSE
-1,65,toyota,four,sedan,fwd,front,102.4,0.843825084,0.923611111,0.918060201,2326,ohc,four,122,mpfi,3.31,3.54,8.7,92,4200,8.103448276,6.911764706,8948,Low,FALSE,TRUE,TRUE,FALSE
-1,65,toyota,four,sedan,fwd,front,102.4,0.843825084,0.923611111,0.918060201,2480,ohc,four,110,idi,3.27,3.35,22.5,73,4500,7.833333333,7.121212121,10698,Low,TRUE,FALSE,FALSE,TRUE
-1,65,toyota,four,hatchback,fwd,front,102.4,0.843825084,0.923611111,0.901337793,2414,ohc,four,122,mpfi,3.31,3.54,8.7,92,4200,8.703703704,7.34375,9988,Low,FALSE,TRUE,TRUE,FALSE
-1,65,toyota,four,sedan,fwd,front,102.4,0.843825084,0.923611111,0.918060201,2414,ohc,four,122,mpfi,3.31,3.54,8.7,92,4200,8.703703704,7.34375,10898,Low,FALSE,TRUE,TRUE,FALSE
-1,65,toyota,four,hatchback,fwd,front,102.4,0.843825084,0.923611111,0.901337793,2458,ohc,four,122,mpfi,3.31,3.54,8.7,92,4200,8.703703704,7.34375,11248,Low,FALSE,TRUE,TRUE,FALSE
3,197,toyota,two,hatchback,rwd,front,102.9,0.881787602,0.940277778,0.869565217,2976,dohc,six,171,mpfi,3.27,3.35,9.3,161,5200,11.75,9.791666667,16558,Medium,FALSE,TRUE,TRUE,FALSE
3,197,toyota,two,hatchback,rwd,front,102.9,0.881787602,0.940277778,0.869565217,3016,dohc,six,171,mpfi,3.27,3.35,9.3,161,5200,12.36842105,9.791666667,15998,Medium,FALSE,TRUE,TRUE,FALSE
-1,90,toyota,four,sedan,rwd,front,104.5,0.902450745,0.923611111,0.904682274,3131,dohc,six,171,mpfi,3.27,3.35,9.2,156,5200,11.75,9.791666667,15690,Medium,FALSE,TRUE,TRUE,FALSE
-1,122,toyota,four,wagon,rwd,front,104.5,0.902450745,0.923611111,0.904682274,3151,dohc,six,161,mpfi,3.27,3.35,9.2,156,5200,12.36842105,9.791666667,15750,Medium,FALSE,TRUE,TRUE,FALSE
2,122,volkswagen,two,sedan,fwd,front,97.3,0.825084094,0.909722222,0.931438127,2261,ohc,four,97,idi,3.01,3.4,23,52,4800,6.351351351,5.108695652,7775,Low,TRUE,FALSE,TRUE,FALSE
2,122,volkswagen,two,sedan,fwd,front,97.3,0.825084094,0.909722222,0.931438127,2209,ohc,four,109,mpfi,3.19,3.4,9,85,5250,8.703703704,6.911764706,7975,Low,FALSE,TRUE,TRUE,FALSE
2,94,volkswagen,four,sedan,fwd,front,97.3,0.825084094,0.909722222,0.931438127,2264,ohc,four,97,idi,3.01,3.4,23,52,4800,6.351351351,5.108695652,7995,Low,TRUE,FALSE,TRUE,FALSE
2,94,volkswagen,four,sedan,fwd,front,97.3,0.825084094,0.909722222,0.931438127,2212,ohc,four,109,mpfi,3.19,3.4,9,85,5250,8.703703704,6.911764706,8195,Low,FALSE,TRUE,TRUE,FALSE
2,94,volkswagen,four,sedan,fwd,front,97.3,0.825084094,0.909722222,0.931438127,2275,ohc,four,109,mpfi,3.19,3.4,9,85,5250,8.703703704,6.911764706,8495,Low,FALSE,TRUE,TRUE,FALSE
2,94,volkswagen,four,sedan,fwd,front,97.3,0.825084094,0.909722222,0.931438127,2319,ohc,four,97,idi,3.01,3.4,23,68,4500,6.351351351,5.595238095,9495,Low,TRUE,FALSE,FALSE,TRUE
2,94,volkswagen,four,sedan,fwd,front,97.3,0.825084094,0.909722222,0.931438127,2300,ohc,four,109,mpfi,3.19,3.4,10,100,5500,9.038461538,7.34375,9995,Low,FALSE,TRUE,TRUE,FALSE
3,122,volkswagen,two,convertible,fwd,front,94.5,0.765497357,0.891666667,0.929765886,2254,ohc,four,109,mpfi,3.19,3.4,8.5,90,5500,9.791666667,8.103448276,11595,Low,FALSE,TRUE,TRUE,FALSE
3,256,volkswagen,two,hatchback,fwd,front,94.5,0.796251802,0.888888889,0.859531773,2221,ohc,four,109,mpfi,3.19,3.4,8.5,90,5500,9.791666667,8.103448276,9980,Low,FALSE,TRUE,TRUE,FALSE
0,122,volkswagen,four,sedan,fwd,front,100.4,0.865929841,0.929166667,0.921404682,2661,ohc,five,136,mpfi,3.19,3.4,8.5,110,5500,12.36842105,9.791666667,13295,Low,FALSE,TRUE,TRUE,FALSE
0,122,volkswagen,four,sedan,fwd,front,100.4,0.865929841,0.929166667,0.921404682,2579,ohc,four,97,idi,3.01,3.4,23,68,4500,7.121212121,6.184210526,13845,Low,TRUE,FALSE,FALSE,TRUE
0,122,volkswagen,four,wagon,fwd,front,100.4,0.879865449,0.929166667,0.921404682,2563,ohc,four,109,mpfi,3.19,3.4,9,88,5500,9.4,7.580645161,12290,Low,FALSE,TRUE,TRUE,FALSE
-2,103,volvo,four,sedan,rwd,front,104.3,0.907256127,0.933333333,0.939799331,2912,ohc,four,141,mpfi,3.78,3.15,9.5,114,5400,10.2173913,8.392857143,12940,Low,FALSE,TRUE,TRUE,FALSE
-1,74,volvo,four,wagon,rwd,front,104.3,0.907256127,0.933333333,0.961538462,3034,ohc,four,141,mpfi,3.78,3.15,9.5,114,5400,10.2173913,8.392857143,13415,Low,FALSE,TRUE,TRUE,FALSE
-2,103,volvo,four,sedan,rwd,front,104.3,0.907256127,0.933333333,0.939799331,2935,ohc,four,141,mpfi,3.78,3.15,9.5,114,5400,9.791666667,8.392857143,15985,Low,FALSE,TRUE,TRUE,FALSE
-1,74,volvo,four,wagon,rwd,front,104.3,0.907256127,0.933333333,0.961538462,3042,ohc,four,141,mpfi,3.78,3.15,9.5,114,5400,9.791666667,8.392857143,16515,Low,FALSE,TRUE,TRUE,FALSE
-2,103,volvo,four,sedan,rwd,front,104.3,0.907256127,0.933333333,0.939799331,3045,ohc,four,130,mpfi,3.62,3.15,7.5,162,5100,13.82352941,10.68181818,18420,Medium,FALSE,TRUE,FALSE,TRUE
-1,74,volvo,four,wagon,rwd,front,104.3,0.907256127,0.933333333,0.961538462,3157,ohc,four,130,mpfi,3.62,3.15,7.5,162,5100,13.82352941,10.68181818,18950,Medium,FALSE,TRUE,FALSE,TRUE
-1,95,volvo,four,sedan,rwd,front,109.1,0.907256127,0.956944444,0.928093645,2952,ohc,four,141,mpfi,3.78,3.15,9.5,114,5400,10.2173913,8.392857143,16845,Low,FALSE,TRUE,TRUE,FALSE
-1,95,volvo,four,sedan,rwd,front,109.1,0.907256127,0.955555556,0.928093645,3049,ohc,four,141,mpfi,3.78,3.15,8.7,160,5300,12.36842105,9.4,19045,Medium,FALSE,TRUE,FALSE,TRUE
-1,95,volvo,four,sedan,rwd,front,109.1,0.907256127,0.956944444,0.928093645,3012,ohcv,six,173,mpfi,3.58,2.87,8.8,134,5500,13.05555556,10.2173913,21485,Medium,FALSE,TRUE,TRUE,FALSE
-1,95,volvo,four,sedan,rwd,front,109.1,0.907256127,0.956944444,0.928093645,3217,ohc,six,145,idi,3.01,3.4,23,106,4800,9.038461538,8.703703704,22470,Low,TRUE,FALSE,FALSE,TRUE
-1,95,volvo,four,sedan,rwd,front,109.1,0.907256127,0.956944444,0.928093645,3062,ohc,four,141,mpfi,3.78,3.15,9.5,114,5400,12.36842105,9.4,22625,Low,FALSE,TRUE,FALSE,TRUE
